 ,Area1,Mean1,Min1,Max1,Area2,Mean2,Min2,Max2,Area3,Mean3,Min3,Max3,Area4,Mean4,Min4,Max4
1,1005,76.471,3,431,770,49.103,6,253,1163,133.845,-2,1210,4152,128.574,-40,2232
2,1005,77.424,7,417,770,49.605,11,243,1163,127.207,2,1174,4152,126.103,-7,1913
3,1005,78.663,9,504,770,47.012,19,214,1163,130.658,2,1472,4152,128.823,0,2025
4,1005,76.793,18,374,770,49.906,20,280,1163,126.709,2,1068,4152,129.504,3,2485
5,1005,77.426,19,461,770,48.675,21,252,1163,130.155,22,1137,4152,126.564,17,1984
6,1005,75.500,20,433,770,47.883,19,207,1163,124.672,17,1354,4152,126.908,18,2470
7,1005,77.719,14,543,770,47.966,15,221,1163,126.090,4,1328,4152,126.407,0,2046
8,1005,75.995,4,509,770,49.036,11,238,1163,126.384,3,998,4152,128.265,-11,2407
9,1005,77.928,-13,529,770,49.265,9,239,1163,126.666,-11,1197,4152,128.340,-49,1866
10,1005,74.617,-2,670,770,47.101,17,177,1163,125.700,-3,1112,4152,125.517,-47,2088
11,1005,78.563,-9,522,770,46.809,5,224,1163,126.439,-47,1516,4152,123.987,-78,1952
12,1005,78.747,-29,441,770,48.996,5,222,1163,121.161,-21,1624,4152,127.685,-28,1693
13,1005,78.595,-17,453,770,48.156,9,169,1163,124.158,-22,977,4152,123.998,-83,1768
14,1005,74.125,-33,461,770,47.518,7,214,1163,120.893,-12,1300,4152,125.636,-71,1959
15,1005,78.811,-3,509,770,45.870,12,192,1163,123.089,-10,1698,4152,125.396,-28,1806
16,1005,78.466,-31,398,770,47.848,9,174,1163,120.965,-58,1189,4152,126.822,-30,1754
17,1005,75.845,-3,342,770,47.223,5,225,1163,122.230,-39,1267,4152,124.972,-31,1746
18,1005,78.703,-21,558,770,46.251,5,182,1163,121.719,0,1353,4152,125.365,-34,2156
19,1005,73.696,5,394,770,49.757,7,231,1163,120.242,-13,1131,4152,125.870,-18,1989
20,1005,74.257,-8,375,770,47.453,6,172,1163,126.445,-22,1272,4152,121.764,-16,2251
21,1005,73.058,0,382,770,47.048,12,314,1163,119.916,0,1072,4152,125.565,-27,1798
22,1005,76.144,5,463,770,48.274,15,321,1163,118.251,-1,1109,4152,123.506,-29,2038
23,1005,75.800,12,533,770,46.842,10,276,1163,121.377,-10,1278,4152,123.825,-14,2121
24,1005,74.852,10,465,770,45.055,17,182,1163,123.064,2,1133,4152,125.320,-6,1815
25,1005,73.152,14,507,770,47.130,18,222,1163,119.534,0,1632,4152,126.022,0,1739
26,1005,77.480,9,476,770,47.184,18,237,1163,119.058,4,1143,4152,124.967,-5,2086
27,1005,74.969,13,541,770,47.927,18,342,1163,127.440,1,1106,4152,124.699,-6,1866
28,1005,70.906,8,460,770,46.909,5,219,1163,121.402,16,1201,4152,121.503,10,1854
29,1005,77.026,11,515,770,45.273,20,220,1163,124.314,-1,1421,4152,124.768,3,2015
30,1005,72.602,11,442,770,48.279,9,245,1163,119.836,10,1121,4152,124.707,-1,1866
31,1005,74.509,12,479,770,49.282,16,228,1163,120.985,0,1221,4152,123.423,-7,1931
32,1005,75.210,7,426,770,45.779,17,205,1163,119.238,-7,851,4152,122.595,-6,1690
33,1005,73.190,-6,472,770,45.795,10,197,1163,121.936,-12,1106,4152,122.082,-27,1823
34,1005,72.826,-13,501,770,48.312,13,265,1163,121.525,-17,1180,4152,123.124,-20,1874
35,1005,73.616,-16,509,770,47.105,14,197,1163,116.265,-6,1051,4152,123.061,-47,1871
36,1005,72.469,-14,511,770,47.047,16,224,1163,118.525,-19,1253,4152,123.505,-34,1987
37,1005,78.164,-17,619,770,48.125,8,177,1163,118.915,-20,1188,4152,122.834,-29,1551
38,1005,76.339,-25,580,770,47.652,-11,295,1163,121.398,-8,1215,4152,124.342,-27,2027
39,1005,74.941,-72,592,770,45.481,10,167,1163,118.813,-64,1648,4152,124.214,-59,2110
40,1005,76.713,-9,511,770,46.142,5,177,1163,115.623,-25,871,4152,120.873,-31,1922
41,1005,76.744,0,432,770,47.723,-6,297,1163,115.917,-23,1122,4152,124.254,-40,1964
42,1005,72.517,-29,358,770,46.694,12,158,1163,118.939,-30,903,4152,121.897,-79,1905
43,1005,72.841,-20,448,770,49.061,0,182,1163,117.156,-42,1206,4152,122.272,-44,1852
44,1005,73.173,-8,386,770,48.566,-2,222,1163,120.279,-43,956,4152,122.227,-23,1729
45,1005,72.520,-37,383,770,45.399,10,144,1163,119.667,-31,1002,4152,122.899,-44,1914
46,1005,73.435,-9,396,770,46.986,9,185,1163,117.967,-4,987,4152,123.035,-72,1770
47,1005,73.191,-8,467,770,47.166,4,184,1163,119.021,-30,860,4152,122.434,-57,2028
48,1005,72.445,1,389,770,46.752,4,205,1163,119.105,-26,983,4152,119.905,-30,1750
49,1005,73.337,-7,365,770,46.409,11,161,1163,116.561,-18,1043,4152,123.528,-37,1778
50,1005,72.398,-17,495,770,47.921,5,185,1163,116.453,-27,855,4152,123.798,-61,1782
51,1005,74.939,-21,475,770,47.422,5,195,1163,270.362,-11,1614,4152,238.651,-34,2076
52,1005,186.839,-17,676,770,73.106,-7,332,1163,502.413,-26,2183,4152,270.592,-74,1880
53,1005,188.867,-46,693,770,75.357,-5,344,1163,501.593,-25,2054,4152,249.260,-42,2017
54,1005,177.867,-13,801,770,71.160,-11,407,1163,480.002,-1,2128,4152,213.275,-39,2069
55,1005,163.203,-8,693,770,67.636,5,302,1163,454.850,-21,2443,4152,184.999,-44,2618
56,1005,158.728,-24,567,770,66.849,0,345,1163,441.988,-20,1940,4152,165.557,-27,2175
57,1005,157.473,-6,684,770,64.555,5,319,1163,419.104,-18,1881,4152,158.205,-28,2467
58,1005,142.479,-9,615,770,64.396,-2,262,1163,374.273,-6,1918,4152,146.470,-25,1907
59,1005,139.395,-1,544,770,62.230,0,314,1163,341.333,-1,2128,4152,142.175,-32,1912
60,1005,131.318,6,830,770,61.905,7,296,1163,302.835,12,1844,4152,136.697,-4,1879
61,1005,123.890,8,737,770,58.868,14,294,1163,259.937,1,1404,4152,136.190,1,1956
62,1005,114.513,14,636,770,60.260,21,320,1163,231.231,17,1378,4152,132.678,13,1848
63,1005,102.599,21,436,770,56.752,22,388,1163,208.539,22,1171,4152,131.745,13,2818
64,1005,100.518,19,443,770,55.588,18,250,1163,190.723,12,1179,4152,130.058,13,2035
65,1005,93.943,11,509,770,53.248,17,297,1163,182.360,-14,1260,4152,128.371,8,1882
66,1005,94.460,8,556,770,52.627,14,316,1163,168.064,0,1323,4152,127.301,-22,1702
67,1005,89.478,6,505,770,52.121,12,242,1163,160.193,0,1580,4152,125.576,-11,1792
68,1005,85.561,0,444,770,50.930,9,278,1163,150.800,-1,1104,4152,125.566,-9,2067
69,1005,82.907,-4,567,770,50.668,-10,349,1163,154.709,-5,1192,4152,124.470,-42,1983
70,1005,83.748,-6,693,770,51.290,7,227,1163,147.258,-16,1191,4152,124.423,-11,1645
71,1005,83.305,-37,564,770,48.656,0,245,1163,148.232,-17,1263,4152,124.258,-36,1711
72,1005,80.461,-5,601,770,50.484,4,240,1163,143.807,-17,1262,4152,123.156,-36,1676
73,1005,80.710,-5,462,770,48.219,3,184,1163,139.857,-41,1097,4152,124.793,-52,2119
74,1005,78.267,-18,447,770,49.660,4,241,1163,139.504,-34,1117,4152,123.334,-42,1603
75,1005,82.128,-27,432,770,48.255,-1,207,1163,139.198,-43,1197,4152,125.284,-84,1860
76,1005,77.343,-3,445,770,48.966,6,175,1163,132.985,-17,793,4152,122.614,-54,1740
77,1005,79.115,-12,407,770,49.108,3,194,1163,131.655,-50,1330,4152,122.656,-87,1734
78,1005,82.374,-9,452,770,48.678,-6,189,1163,131.010,-51,1083,4152,124.569,-66,1858
79,1005,77.588,-7,577,770,47.621,9,230,1163,131.713,-48,1312,4152,121.867,-59,1696
80,1005,79.873,-34,465,770,49.071,1,219,1163,125.273,-18,1318,4152,121.956,-151,1597
81,1005,78.612,0,392,770,49.048,4,194,1163,125.264,-6,1177,4152,121.212,-79,1983
82,1005,76.310,-22,634,770,48.017,-2,224,1163,130.236,-17,1051,4152,122.893,-62,1598
83,1005,75.796,-11,411,770,47.152,12,201,1163,128.235,-12,934,4152,120.251,-51,1856
84,1005,74.262,-6,323,770,46.723,5,240,1163,201.604,-21,1507,4152,209.680,-53,1830
85,1005,173.608,-39,649,770,72.147,-17,347,1163,471.376,-39,1973,4152,255.991,-30,2061
86,1005,177.675,-111,625,770,73.178,-16,310,1163,472.992,-24,2016,4152,242.012,-40,2139
87,1005,166.846,-11,609,770,71.943,-24,313,1163,446.111,-43,2037,4152,205.836,-36,2357
88,1005,154.997,-5,596,770,65.806,0,362,1163,426.140,-28,1883,4152,181.025,-28,1929
89,1005,144.823,-42,747,770,61.791,-17,262,1163,394.148,-44,1981,4152,163.380,-74,1859
90,1005,142.751,-29,578,770,60.157,2,267,1163,357.858,-22,1810,4152,152.171,-44,1776
91,1005,134.990,-25,535,770,57.439,0,287,1163,317.391,-16,1535,4152,142.888,-58,1721
92,1005,123.887,-19,572,770,55.982,-8,246,1163,272.646,-40,1632,4152,137.768,-82,1819
93,1005,118.972,-28,598,770,53.308,-17,205,1163,237.137,-26,1450,4152,134.004,-31,1980
94,1005,99.936,-30,469,770,54.113,-5,237,1163,205.984,-24,1274,4152,133.028,-32,1675
95,1005,94.589,-15,426,770,52.691,-2,248,1163,187.553,-73,1477,4152,131.868,-26,1930
96,1005,89.414,-13,411,770,49.788,0,280,1163,176.474,-28,1177,4152,130.516,-27,1779
97,1005,89.640,-30,396,770,49.873,4,225,1163,160.403,-31,1220,4152,128.529,-38,2049
98,1005,87.198,-27,528,770,48.787,7,187,1163,155.010,-15,1450,4152,124.755,-52,1495
99,1005,82.505,0,369,770,48.623,6,216,1163,146.416,-42,1123,4152,126.774,-46,1653
100,1005,85.261,-15,455,770,50.942,0,198,1163,146.254,-16,1021,4152,124.599,-49,2199
101,1005,82.385,-23,434,770,48.449,7,172,1163,139.986,-20,1324,4152,127.494,-53,1904
102,1005,76.283,-16,394,770,48.897,3,165,1163,138.641,-60,1232,4152,127.559,-40,1964
103,1005,78.170,-79,448,770,48.890,4,204,1163,137.624,-21,974,4152,125.953,-75,2040
104,1005,81.353,0,460,770,48.788,-1,230,1163,138.528,-15,1403,4152,123.077,-111,1755
105,1005,75.032,-15,413,770,48.013,11,151,1163,137.511,-46,1013,4152,124.176,-70,1660
106,1005,78.460,-28,334,770,46.756,13,162,1163,132.949,-39,1533,4152,123.604,-26,1629
107,1005,79.753,-13,457,770,46.653,2,192,1163,132.201,-43,940,4152,126.260,-20,1649
108,1005,75.962,-13,387,770,46.753,5,170,1163,137.427,-27,882,4152,123.384,-44,1645
109,1005,79.764,-25,390,770,46.774,-3,208,1163,132.534,-44,1165,4152,122.322,-41,1525
110,1005,76.622,-9,353,770,46.879,8,204,1163,130.120,-35,900,4152,124.081,-32,1925
111,1005,77.668,-3,335,770,46.526,13,127,1163,126.976,-29,840,4152,124.756,-39,1683
112,1005,74.969,-34,539,770,45.621,8,161,1163,123.844,-37,948,4152,125.236,-66,1768
113,1005,79.077,-17,422,770,46.171,9,155,1163,129.825,-25,1203,4152,123.993,-48,1553
114,1005,75.954,-46,572,770,46.322,0,159,1163,122.653,-37,919,4152,123.880,-35,1836
115,1005,79.533,-15,501,770,46.614,7,185,1163,122.631,-62,1032,4152,121.915,-75,1483
116,1005,74.312,-14,417,770,48.651,-3,235,1163,121.402,-20,906,4152,123.364,-29,1535
117,1005,76.209,-18,333,770,48.779,10,167,1163,121.168,-54,1058,4152,121.795,-37,1626
118,1005,95.434,-17,453,770,51.919,2,215,1163,262.095,-39,1574,4152,207.818,-64,1840
119,1005,145.541,-31,535,770,65.527,-7,262,1163,389.827,-25,2672,4152,254.588,-38,1932
120,1005,142.164,-26,733,770,65.471,-2,334,1163,351.199,-16,1691,4152,211.651,-30,1908
121,1005,116.715,-15,820,770,60.784,0,244,1163,280.708,-27,1518,4152,183.949,-55,2030
122,1005,98.539,-48,500,770,55.458,3,207,1163,223.015,-33,1330,4152,161.763,-27,2075
123,1005,93.516,-13,464,770,50.848,5,238,1163,193.727,-29,1200,4152,149.308,-28,1765
124,1005,84.499,-21,416,770,51.714,-8,222,1163,163.807,-12,954,4152,142.644,-40,1581
125,1005,84.150,-12,609,770,48.065,13,191,1163,156.002,-26,1609,4152,138.080,-39,1840
126,1005,77.410,-52,465,770,49.830,4,209,1163,151.624,-22,1020,4152,132.168,-47,1804
127,1005,78.422,-44,514,770,47.966,1,175,1163,139.267,-55,1118,4152,130.730,-37,1554
128,1005,81.049,-26,571,770,50.527,6,198,1163,141.310,-54,1120,4152,126.923,-90,1895
129,1005,78.228,-12,464,770,48.738,8,191,1163,139.206,-20,1266,4152,126.457,-42,1882
130,1005,77.202,-17,350,770,47.213,0,204,1163,136.782,-19,1365,4152,125.124,-28,1836
131,1005,73.296,-18,388,770,48.970,1,209,1163,132.911,-42,1047,4152,126.837,-67,1620
132,1005,74.316,-18,328,770,47.596,8,186,1163,134.373,-22,1083,4152,124.504,-31,1835
133,1005,74.479,-12,407,770,47.239,5,194,1163,126.423,-28,1263,4152,124.566,-51,1804
134,1005,75.894,-27,413,770,46.599,8,148,1163,121.850,-36,1121,4152,123.105,-66,1876
135,1005,75.506,-13,404,770,46.391,1,204,1163,129.357,-25,1257,4152,123.548,-44,1393
136,1005,74.160,-9,440,770,46.462,8,170,1163,125.680,-3,1300,4152,123.381,-33,1545
137,1005,72.088,-29,367,770,46.825,7,172,1163,129.322,-36,819,4152,122.226,-45,1876
138,1005,75.464,-1,356,770,47.688,10,156,1163,125.123,-17,930,4152,122.413,-23,1537
139,1005,74.250,-20,428,770,46.152,10,166,1163,122.999,-13,775,4152,121.732,-54,1699
140,1005,74.803,-8,465,770,45.709,4,144,1163,128.156,-46,1412,4152,122.276,-43,1562
141,1005,75.774,-19,563,770,46.697,11,162,1163,129.525,-30,916,4152,126.338,-40,1682
142,1005,74.613,-9,465,770,47.757,4,204,1163,125.473,-20,1081,4152,119.948,-27,1546
143,1005,72.835,-6,303,770,50.008,-7,186,1163,121.968,-18,788,4152,121.561,-33,1513
144,1005,75.245,-11,381,770,49.255,0,218,1163,124.182,-31,830,4152,120.907,-75,1527
145,1005,72.864,-26,476,770,46.971,9,172,1163,122.368,-18,1095,4152,122.143,-38,1435
146,1005,75.999,-16,383,770,48.138,8,172,1163,120.012,-24,1109,4152,120.293,-66,1540
147,1005,74.918,-47,441,770,46.535,0,189,1163,126.188,-44,1042,4152,121.493,-71,1815
148,1005,71.254,-14,377,770,46.084,11,176,1163,121.195,-30,1396,4152,121.951,-14,1824
149,1005,74.055,-16,347,770,48.844,10,182,1163,122.172,-35,1259,4152,122.994,-68,1616
150,1005,77.222,-30,436,770,47.586,3,181,1163,120.347,-18,1218,4152,121.527,-50,1746
151,1005,76.496,-19,483,770,46.361,6,166,1163,121.976,-55,964,4152,121.153,-67,1544
152,1005,73.193,-13,310,770,46.523,7,222,1163,124.390,-18,1055,4152,122.072,-99,2019
153,1005,70.437,-11,389,770,46.321,12,178,1163,123.752,-9,1133,4152,122.243,-31,1883
154,1005,71.524,-6,440,770,46.578,13,234,1163,120.790,-46,711,4152,123.439,-50,1555
155,1005,75.145,-24,383,770,48.153,7,189,1163,126.264,-8,1321,4152,120.225,-25,1537
156,1005,74.652,-38,557,770,46.600,3,190,1163,123.159,-21,1033,4152,118.131,-42,1574
157,1005,75.333,-14,465,770,45.843,7,170,1163,124.235,-22,888,4152,122.715,-36,2145
158,1005,74.203,-14,481,770,46.904,9,169,1163,125.496,-5,1187,4152,121.340,-48,1739
159,1005,70.431,-2,345,770,48.025,13,237,1163,121.867,-9,1140,4152,121.680,-69,1733
160,1005,71.633,-12,347,770,46.165,10,163,1163,122.612,-24,1218,4152,120.570,-59,1741
161,1005,74.817,-12,415,770,47.073,10,200,1163,122.555,-18,985,4152,118.564,-94,1934
162,1005,70.987,-13,365,770,47.426,0,212,1163,118.225,-25,942,4152,121.404,-40,1571
163,1005,73.067,-5,415,770,47.556,5,172,1163,123.052,-13,1124,4152,118.049,-39,1550
164,1005,73.696,-1,546,770,46.151,7,175,1163,120.418,-24,910,4152,120.367,-46,1914
165,1005,74.820,-17,432,770,46.838,3,196,1163,122.114,-12,885,4152,121.458,-18,2022
166,1005,75.125,-4,568,770,45.775,-13,197,1163,124.991,-34,1078,4152,120.623,-52,1554
167,1005,71.815,-24,446,770,46.495,9,243,1163,124.495,-9,1134,4152,120.645,-32,1732
168,1005,75.444,-6,515,770,46.406,7,196,1163,120.755,-39,1017,4152,120.153,-39,1383
169,1005,73.204,-16,353,770,47.826,-4,192,1163,122.824,-19,938,4152,120.437,-39,1763
170,1005,73.748,-22,656,770,46.636,7,144,1163,122.238,-33,1119,4152,118.634,-42,1729
171,1005,72.934,-28,545,770,46.899,8,165,1163,116.618,-14,790,4152,120.604,-39,1881
172,1005,84.662,-19,349,770,52.805,2,222,1163,326.009,-32,1469,4152,154.147,-37,1752
173,1005,130.250,-20,572,770,62.722,-6,257,1163,328.785,-13,1546,4152,136.692,-43,1744
174,1005,103.984,-45,416,770,57.075,2,241,1163,238.746,-33,1354,4152,128.311,-51,1842
175,1005,90.480,-28,346,770,52.744,1,178,1163,190.463,-35,1256,4152,126.049,-49,1600
176,1005,83.353,-5,407,770,50.674,2,208,1163,163.923,-35,1149,4152,122.004,-78,1439
177,1005,77.785,-21,393,770,47.844,7,170,1163,152.114,-48,1226,4152,120.336,-70,1460
178,1005,72.911,-11,337,770,49.027,9,171,1163,141.263,-21,872,4152,120.707,-34,1376
179,1005,77.345,-13,346,770,47.569,8,167,1163,139.653,-27,1088,4152,121.404,-54,1895
180,1005,77.677,-15,341,770,48.562,1,183,1163,133.861,-18,1242,4152,119.024,-51,1828
181,1005,76.551,-10,338,770,48.188,4,201,1163,134.163,-35,1018,4152,157.127,-50,1622
182,1005,119.593,-47,594,770,62.570,-8,253,1163,255.381,-33,1301,4152,138.390,-24,1741
183,1005,95.382,-16,700,770,54.318,0,211,1163,186.896,-24,1004,4152,130.424,-60,1609
184,1005,83.446,-38,434,770,53.361,2,226,1163,156.158,-23,1008,4152,127.887,-25,1888
185,1005,77.274,-27,509,770,51.034,4,265,1163,150.709,-47,1126,4152,134.187,-29,1591
186,1005,78.499,-14,395,770,48.408,2,243,1163,137.934,-24,1080,4152,126.064,-26,2125
187,1005,73.862,-10,440,770,48.751,12,192,1163,132.899,-23,1064,4152,122.467,-37,1794
188,1005,74.353,-5,339,770,47.803,4,196,1163,129.837,-13,992,4152,122.294,-27,1803
189,1005,76.718,-5,379,770,48.021,5,205,1163,128.009,-18,1128,4152,123.178,-40,2201
190,1005,75.706,-3,496,770,48.292,7,197,1163,130.886,-20,1015,4152,160.130,-44,2010
191,1005,140.240,-15,592,770,63.275,-7,291,1163,310.416,-57,1595,4152,147.624,-24,1979
192,1005,109.284,-11,446,770,55.530,6,278,1163,202.594,-18,1458,4152,134.358,-36,2349
193,1005,88.298,-5,551,770,51.738,8,218,1163,168.396,-6,1061,4152,128.973,-27,1634
194,1005,85.888,-23,554,770,48.343,14,279,1163,148.275,-15,1073,4152,125.333,-38,2000
195,1005,80.990,-10,434,770,47.444,9,270,1163,142.139,-16,1554,4152,123.362,-37,1737
196,1005,77.803,-27,532,770,47.430,12,274,1163,134.557,-20,1017,4152,123.941,-23,1801
197,1005,76.078,0,546,770,48.587,4,231,1163,132.539,-9,858,4152,121.456,-38,1720
198,1005,76.517,-8,404,770,48.395,8,209,1163,128.893,-26,700,4152,121.229,-22,1654
199,1005,78.061,-26,438,770,46.029,9,171,1163,130.433,-9,800,4152,124.160,-42,1810
200,1005,133.972,-16,723,770,64.745,-1,255,1163,312.306,-30,1732,4152,153.148,-40,1857
201,1005,104.466,-14,447,770,55.827,1,232,1163,209.009,-29,1154,4152,134.542,-45,1926
202,1005,92.572,-20,429,770,54.482,2,220,1163,173.711,-13,939,4152,134.334,-52,1928
203,1005,83.049,-4,413,770,51.443,-3,226,1163,146.722,-19,910,4152,126.541,-57,1893
204,1005,81.528,-6,468,770,49.905,-5,263,1163,138.726,-27,1169,4152,124.280,-70,1676
205,1005,76.933,-11,454,770,48.986,11,219,1163,134.640,-14,1005,4152,122.514,-16,1754
206,1005,76.626,2,439,770,47.113,11,214,1163,128.308,-4,1087,4152,120.599,-8,1511
207,1005,77.671,-21,429,770,48.445,7,233,1163,131.921,-28,1256,4152,124.848,-4,1788
208,1005,77.339,2,472,770,47.736,16,244,1163,130.980,-4,1152,4152,121.557,-17,1588
209,1005,124.895,4,691,770,64.005,6,327,1163,339.650,-8,1623,4152,156.457,-30,1708
210,1005,105.352,-6,603,770,58.923,13,381,1163,240.405,2,1578,4152,136.114,-20,1590
211,1005,93.005,9,463,770,57.183,8,323,1163,181.808,4,1382,4152,132.316,-25,1784
212,1005,84.762,-10,542,770,52.900,12,251,1163,161.349,-2,1187,4152,126.394,-38,1871
213,1005,76.244,-8,405,770,49.394,3,222,1163,146.738,-13,1072,4152,125.461,-79,1792
214,1005,75.947,-3,321,770,49.355,3,265,1163,143.724,-15,1050,4152,124.407,-66,1681
215,1005,79.632,-48,389,770,49.819,8,164,1163,137.844,-27,1134,4152,122.136,-36,1597
216,1005,73.325,-7,423,770,47.261,11,165,1163,134.652,-23,1072,4152,122.500,-68,1834
217,1005,74.710,-9,380,770,47.695,5,208,1163,130.857,-27,1336,4152,121.887,-37,1672
218,1005,88.346,-35,616,770,54.781,6,267,1163,250.316,-23,1380,4152,161.659,-13,2084
219,1005,128.450,1,874,770,60.704,4,375,1163,225.293,-13,1614,4152,140.278,-3,2047
220,1005,104.102,-3,508,770,55.651,10,254,1163,176.276,-34,1130,4152,130.979,-5,1815
221,1005,88.795,-13,517,770,52.153,6,246,1163,153.208,-21,1045,4152,126.444,-32,1632
222,1005,81.605,-20,442,770,48.761,0,216,1163,144.283,-21,1384,4152,124.176,-24,1690
223,1005,79.066,-1,409,770,50.348,6,203,1163,137.866,-31,1146,4152,125.063,-94,1737
224,1005,74.701,-6,480,770,51.331,5,214,1163,132.128,-40,1020,4152,121.741,-33,1877
225,1005,75.662,-26,444,770,47.595,-2,183,1163,130.483,-41,976,4152,121.935,-72,1948
226,1005,73.772,-23,342,770,49.647,11,198,1163,132.905,-44,1226,4152,120.124,-39,1412
227,1005,74.317,-34,424,770,48.581,7,280,1163,135.899,-30,944,4152,154.270,-51,1756
228,1005,124.918,-14,577,770,63.840,-11,319,1163,242.452,-67,1311,4152,139.924,-37,1963
229,1005,98.995,-15,419,770,55.877,1,211,1163,184.623,-10,1032,4152,131.685,-50,1842
230,1005,89.823,-22,440,770,51.683,0,204,1163,156.154,-26,898,4152,125.061,-30,1677
231,1005,85.977,-25,410,770,47.816,-9,227,1163,141.970,-61,916,4152,123.171,-45,1623
232,1005,75.820,-11,404,770,49.542,1,232,1163,132.761,-72,976,4152,120.409,-47,1470
233,1005,74.625,-10,443,770,48.534,3,186,1163,138.769,-28,811,4152,122.697,-27,1725
234,1005,77.830,-18,458,770,50.069,2,255,1163,131.697,-32,773,4152,122.432,-24,1438
235,1005,73.363,-17,425,770,47.784,4,216,1163,129.761,-34,1096,4152,118.805,-49,1827
236,1005,73.704,-13,357,770,47.077,0,182,1163,130.979,-12,951,4152,148.179,-74,1866
237,1005,127.067,-16,676,770,64.803,6,308,1163,313.115,-57,1510,4152,145.099,-29,1586
238,1005,104.294,-15,588,770,58.584,0,276,1163,213.202,-13,1219,4152,144.132,-14,1730
239,1005,88.947,-29,453,770,52.942,0,261,1163,172.679,-25,1086,4152,132.222,-46,1779
240,1005,82.640,-4,554,770,51.286,12,222,1163,150.814,-6,987,4152,126.722,-22,1873
241,1005,76.187,0,483,770,47.648,12,216,1163,142.471,-4,1043,4152,125.354,-29,1620
242,1005,77.103,-2,370,770,49.029,13,251,1163,138.583,-32,1169,4152,120.999,-62,1735
243,1005,72.686,2,429,770,48.055,8,375,1163,133.220,-12,1230,4152,122.234,-31,1868
244,1005,76.088,8,554,770,48.274,-5,306,1163,130.972,1,1007,4152,117.395,-12,1567
245,1005,79.580,1,564,770,48.238,8,282,1163,134.414,-10,1325,4152,123.334,-10,2005
246,1005,131.776,-6,638,770,60.586,12,298,1163,297.215,-19,1422,4152,158.344,-10,1598
247,1005,104.847,-3,450,770,56.014,-8,383,1163,205.666,-1,1226,4152,140.366,-8,2229
248,1005,86.883,2,503,770,52.332,-5,317,1163,172.764,-13,1207,4152,127.834,-18,1412
249,1005,83.083,-7,494,770,47.912,11,183,1163,148.967,-47,1320,4152,127.036,-7,1595
250,1005,77.381,-4,388,770,49.964,7,259,1163,136.437,-10,908,4152,125.651,-49,1741
251,1005,80.505,0,429,770,49.753,13,223,1163,135.142,-31,1263,4152,121.617,-9,1547
252,1005,76.390,0,430,770,49.008,7,215,1163,132.578,-19,866,4152,122.701,-24,1670
253,1005,74.307,-21,512,770,48.881,9,261,1163,128.137,-16,934,4152,119.728,-26,1698
254,1005,75.284,-22,420,770,48.275,-92,990,1163,132.154,-50,979,4152,121.655,-22,1415
255,1005,127.181,-26,590,770,63.714,-1,313,1163,340.800,-55,1439,4152,161.585,-48,1709
256,1005,108.544,-25,581,770,59.040,-2,238,1163,242.611,-12,1165,4152,141.547,-66,1553
257,1005,88.957,-12,496,770,54.966,-17,249,1163,188.192,-17,1326,4152,131.675,-36,1700
258,1005,81.989,-31,684,770,50.071,6,202,1163,159.865,-20,1328,4152,126.297,-62,2032
259,1005,76.319,-39,336,770,51.062,5,202,1163,144.144,-15,1131,4152,123.799,-38,1380
260,1005,75.409,-19,394,770,48.905,6,196,1163,141.788,-57,1263,4152,122.111,-24,1880
261,1005,73.167,-43,440,770,46.590,6,182,1163,127.779,-22,918,4152,122.922,-47,1684
262,1005,73.773,-10,490,770,48.225,-1,223,1163,125.996,-18,1002,4152,121.074,-48,1959
263,1005,76.949,-19,353,770,46.325,1,151,1163,136.502,-38,1165,4152,121.294,-57,1697
264,1005,75.699,-11,369,770,48.710,0,189,1163,129.741,-20,1008,4152,122.415,-54,1820
265,1005,73.310,-38,460,770,45.388,12,170,1163,127.978,-22,881,4152,120.041,-22,1449
266,1005,70.757,-38,309,770,47.239,10,177,1163,128.645,-31,995,4152,123.813,-46,1856
267,1005,72.882,-26,415,770,47.760,0,189,1163,136.040,-27,1329,4152,121.517,-84,1477
268,1005,75.294,-7,384,770,47.000,-4,208,1163,130.849,-23,989,4152,119.007,-44,1449
269,1005,74.511,-15,398,770,46.410,1,188,1163,132.472,-44,904,4152,120.352,-49,1316
270,1005,74.317,-18,416,770,46.895,-1,183,1163,128.987,-20,816,4152,120.500,-62,1746
271,1005,71.215,-6,379,770,47.064,-1,194,1163,127.721,-27,1046,4152,118.800,-78,1601
272,1005,72.745,-3,373,770,47.555,4,212,1163,129.222,-21,1415,4152,119.835,-38,1498
273,1005,73.811,-7,356,770,48.257,11,183,1163,126.444,-40,1243,4152,116.063,-36,1776
274,1005,73.943,-18,398,770,47.294,11,198,1163,124.512,-8,1095,4152,119.612,-59,1669
275,1005,72.901,-7,521,770,48.299,7,199,1163,124.445,-18,925,4152,120.863,-11,1885
276,1005,74.383,1,392,770,46.922,0,222,1163,129.461,-23,1458,4152,118.289,-29,1336
277,1005,72.565,-4,453,770,47.903,12,212,1163,125.482,-23,815,4152,120.106,-16,1722
278,1005,72.222,4,330,770,47.878,9,241,1163,125.709,-22,1022,4152,116.619,-21,1660
279,1005,73.992,-4,578,770,47.912,8,229,1163,124.488,-6,772,4152,130.018,-22,1774
280,1005,79.074,0,460,770,45.270,9,203,1163,130.185,-19,1046,4152,124.494,-50,1478
281,1005,74.892,0,427,770,45.778,10,193,1163,125.154,-25,883,4152,121.502,-20,1614
282,1005,73.476,-14,347,770,46.314,3,228,1163,128.169,-66,1046,4152,125.763,-46,1874
283,1005,77.534,-28,470,770,48.204,7,242,1163,124.969,-54,1027,4152,121.789,-22,1567
284,1005,70.631,-19,373,770,49.138,0,269,1163,122.169,-16,1185,4152,120.721,-48,1389
285,1005,71.344,-10,467,770,46.968,9,235,1163,126.406,-35,759,4152,121.166,-46,1478
286,1005,76.027,-18,381,770,47.556,7,234,1163,126.637,-23,1132,4152,119.621,-53,2007
287,1005,72.369,-12,412,770,47.939,-2,199,1163,123.666,-28,1106,4152,119.254,-103,1433
288,1005,74.540,-40,335,770,46.747,6,161,1163,138.355,-16,1030,4152,160.196,-58,1564
289,1005,136.382,-35,694,770,66.617,0,267,1163,300.493,-27,1644,4152,142.065,-63,1760
290,1005,112.104,-15,596,770,56.534,6,229,1163,217.298,-3,1087,4152,130.136,-74,1858
291,1005,93.641,-11,412,770,53.981,-16,261,1163,173.101,-6,1006,4152,127.104,-61,1491
292,1005,80.251,-4,407,770,50.648,10,202,1163,151.172,-26,910,4152,124.793,-41,1602
293,1005,76.773,-17,404,770,50.170,8,221,1163,145.272,-14,906,4152,121.999,-25,1707
294,1005,75.628,-7,358,770,48.996,7,246,1163,138.756,-39,1023,4152,120.323,-32,2257
295,1005,76.751,5,492,770,48.555,6,199,1163,133.364,-7,741,4152,121.136,-12,1422
296,1005,75.575,-2,435,770,45.208,12,187,1163,132.226,-3,1029,4152,123.466,-48,1828
297,1005,74.070,-3,432,770,47.827,12,227,1163,130.536,0,933,4152,152.133,-27,1861
298,1005,112.749,-21,509,770,55.051,-12,326,1163,217.499,-18,1603,4152,141.533,-31,1728
299,1005,85.888,-11,378,770,51.383,-8,247,1163,166.023,-26,1027,4152,129.632,-54,2135
300,1005,74.945,-11,370,770,49.774,0,212,1163,145.219,-27,1256,4152,125.154,-35,2071
301,1005,77.611,-15,598,770,48.313,1,243,1163,135.347,-14,826,4152,122.501,-40,1607
302,1005,77.346,-13,359,770,47.668,15,208,1163,134.639,-21,855,4152,120.337,-32,1588
303,1005,76.724,-24,358,770,48.274,9,253,1163,129.432,-54,857,4152,122.049,-56,1407
304,1005,76.310,-17,370,770,47.621,8,227,1163,133.983,-11,1009,4152,120.066,-20,1558
305,1005,71.715,-10,353,770,46.765,11,198,1163,132.115,-26,938,4152,118.609,-37,1658
306,1005,74.853,-10,361,770,48.575,0,216,1163,127.629,-15,924,4152,125.301,-44,1790
307,1005,107.026,-17,417,770,51.565,2,207,1163,235.393,-48,1334,4152,141.505,-46,1499
308,1005,86.499,-25,351,770,48.561,5,162,1163,163.609,-107,1262,4152,129.556,-82,1698
309,1005,79.968,-16,351,770,48.804,2,240,1163,142.810,-17,921,4152,124.259,-61,1553
310,1005,77.659,-14,396,770,47.021,5,174,1163,139.803,-22,795,4152,124.644,-81,1714
311,1005,74.322,-11,359,770,49.144,3,208,1163,133.174,-49,976,4152,122.132,-38,1642
312,1005,74.208,-18,284,770,46.101,7,162,1163,130.919,-34,1033,4152,122.429,-29,1943
313,1005,74.261,-7,408,770,47.764,10,166,1163,130.463,-22,864,4152,120.221,-52,1319
314,1005,73.558,-18,436,770,45.919,6,156,1163,122.433,-31,817,4152,119.558,-40,1491
315,1005,73.637,-20,371,770,48.365,2,205,1163,128.271,-17,1077,4152,118.826,-46,1393
316,1005,135.201,-18,519,770,57.599,-2,231,1163,276.446,-24,1257,4152,146.180,-22,2457
317,1005,104.265,-33,552,770,51.800,7,203,1163,183.972,-61,1002,4152,131.816,-56,2009
318,1005,85.704,-44,446,770,47.890,5,219,1163,150.620,-41,1248,4152,129.362,-63,1749
319,1005,83.633,-28,461,770,47.061,1,183,1163,143.214,-14,990,4152,123.931,-64,1363
320,1005,80.356,-12,417,770,48.558,1,188,1163,132.899,-42,1028,4152,123.003,-31,1898
321,1005,74.239,-7,777,770,48.248,10,196,1163,138.420,-26,851,4152,121.697,-45,1664
322,1005,75.396,-14,415,770,45.423,-8,169,1163,131.377,-23,942,4152,122.347,-22,1436
323,1005,75.491,-7,426,770,46.423,2,265,1163,130.557,-17,1038,4152,116.835,-33,1723
324,1005,72.171,-3,404,770,47.856,12,195,1163,130.033,-7,950,4152,118.453,-42,1403
325,1005,91.569,-21,554,770,54.526,6,241,1163,219.911,-28,996,4152,150.160,-22,1803
326,1005,94.356,0,658,770,53.360,0,243,1163,171.257,-18,1066,4152,135.240,-18,2147
327,1005,79.275,-6,389,770,49.313,6,231,1163,136.331,-7,1143,4152,126.050,-16,1940
328,1005,74.546,-1,414,770,51.221,3,401,1163,137.197,-6,955,4152,122.313,-42,1685
329,1005,74.598,1,379,770,46.586,17,273,1163,128.929,-8,1062,4152,121.261,-15,1508
330,1005,76.634,0,515,770,47.648,4,184,1163,132.002,-10,1069,4152,120.635,-51,1898
331,1005,77.696,-2,499,770,46.600,5,180,1163,129.101,-31,1180,4152,120.060,-23,1663
332,1005,74.550,-6,513,770,47.452,14,227,1163,126.077,-16,906,4152,117.647,-23,1515
333,1005,72.202,-15,396,770,45.831,7,238,1163,133.736,-24,974,4152,119.306,-28,1703
334,1005,72.780,0,433,770,46.697,10,238,1163,134.504,-27,771,4152,174.450,-20,2057
335,1005,103.083,-13,475,770,55.226,1,275,1163,194.141,-22,1276,4152,157.698,-46,1515
336,1005,83.535,-46,457,770,48.726,7,231,1163,154.272,-13,1100,4152,138.237,-52,1511
337,1005,77.471,-11,374,770,50.238,0,233,1163,142.494,-45,1348,4152,128.543,-22,1328
338,1005,76.257,-20,361,770,48.683,2,177,1163,135.850,-42,1025,4152,125.941,-33,1234
339,1005,73.795,-8,507,770,47.490,5,249,1163,127.860,-36,1146,4152,121.347,-57,1604
340,1005,74.739,-12,411,770,47.781,8,282,1163,130.433,-121,1094,4152,123.380,-51,1399
341,1005,72.416,-29,433,770,47.717,3,199,1163,131.270,-32,1028,4152,121.237,-36,1491
342,1005,70.787,-13,306,770,47.268,0,184,1163,131.268,-38,1139,4152,119.348,-77,1418
343,1005,75.836,-31,520,770,47.184,-7,198,1163,126.198,-28,953,4152,149.519,-42,1714
344,1005,100.927,-12,838,770,54.799,10,279,1163,224.942,-16,1774,4152,140.480,-34,2975
345,1005,82.475,-5,413,770,52.638,2,328,1163,158.877,-7,1261,4152,132.542,-34,2129
346,1005,78.600,-6,472,770,47.234,11,264,1163,149.113,-21,944,4152,125.438,-8,1899
347,1005,73.575,-1,402,770,47.340,8,221,1163,134.675,0,950,4152,120.721,-8,2145
348,1005,75.705,-3,440,770,47.294,9,213,1163,135.230,-41,935,4152,122.589,-27,1489
349,1005,73.405,-21,557,770,47.139,5,182,1163,130.156,-22,1155,4152,120.268,-45,1477
350,1005,72.363,-22,392,770,48.034,-8,209,1163,131.488,-31,922,4152,121.198,-47,1559
351,1005,71.716,-36,408,770,47.073,10,164,1163,128.754,-36,924,4152,120.031,-28,1918
352,1005,74.373,-16,544,770,45.397,3,229,1163,131.591,-22,973,4152,123.922,-57,1636
353,1005,119.279,-2,552,770,56.030,4,273,1163,257.851,0,1422,4152,145.445,-19,1629
354,1005,86.751,-18,492,770,50.105,4,199,1163,182.448,-27,1080,4152,132.576,-76,1662
355,1005,84.279,-5,430,770,49.978,12,216,1163,151.436,-14,1050,4152,127.326,-24,1623
356,1005,74.633,-22,330,770,48.655,8,166,1163,133.236,-24,753,4152,124.853,-54,1421
357,1005,73.300,-1,434,770,48.487,0,231,1163,133.580,-26,806,4152,122.149,-28,1866
358,1005,73.799,-23,358,770,46.264,4,180,1163,128.338,-31,808,4152,121.998,-36,1594
359,1005,72.379,-24,492,770,46.908,5,227,1163,131.097,-23,1331,4152,119.059,-34,1732
360,1005,72.221,0,433,770,47.178,10,197,1163,132.527,-89,999,4152,117.191,-45,1985
361,1005,72.294,-11,352,770,49.036,-2,230,1163,130.578,-38,969,4152,117.509,-51,1576
362,1005,113.378,-21,473,770,56.503,5,332,1163,227.467,-36,1242,4152,145.845,-62,1680
363,1005,86.878,-8,385,770,54.871,-2,327,1163,163.682,-11,1281,4152,131.520,-24,1395
364,1005,78.110,-1,378,770,48.731,13,272,1163,150.009,-1,883,4152,126.816,-11,1659
365,1005,74.073,-4,460,770,50.825,16,232,1163,133.578,-6,900,4152,123.705,-17,2194
366,1005,76.600,-8,464,770,48.062,16,248,1163,132.889,-17,1021,4152,123.699,-3,2000
367,1005,76.293,8,366,770,49.331,12,239,1163,133.739,-9,1098,4152,119.802,-34,1768
368,1005,74.407,2,408,770,47.574,13,329,1163,126.529,7,1076,4152,120.433,-123,1964
369,1005,69.648,4,450,770,47.201,14,215,1163,130.022,-2,1133,4152,120.423,-15,1850
370,1005,76.869,-4,386,770,47.838,12,303,1163,128.261,-23,963,4152,118.459,-32,1863
371,1005,89.231,-12,378,770,53.856,8,293,1163,243.626,-5,1384,4152,154.086,-12,1700
372,1005,94.557,-12,416,770,52.909,-17,344,1163,200.689,-22,1289,4152,161.943,-76,2144
373,1005,84.831,-30,529,770,48.974,8,192,1163,155.345,-11,985,4152,143.504,-27,1531
374,1005,74.437,0,468,770,48.662,9,261,1163,140.749,-21,1145,4152,131.896,-28,1838
375,1005,73.873,-10,391,770,49.334,8,240,1163,137.690,-11,1216,4152,125.248,-24,1827
376,1005,73.932,-30,383,770,48.064,-3,182,1163,131.739,-19,995,4152,126.857,-67,1635
377,1005,74.211,-13,320,770,47.260,8,184,1163,129.745,-49,926,4152,120.866,-55,1695
378,1005,76.006,-31,482,770,46.771,3,186,1163,130.620,-25,1005,4152,120.898,-71,1484
379,1005,73.367,-15,378,770,47.883,5,170,1163,127.921,-8,1030,4152,119.874,-33,1559
380,1005,72.449,-13,351,770,48.191,-6,182,1163,129.216,-80,996,4152,118.594,-14,1804
381,1005,74.016,-2,359,770,49.206,0,194,1163,126.163,-44,1244,4152,119.236,-39,1795
382,1005,71.877,2,348,770,46.570,-1,320,1163,129.739,0,926,4152,118.493,-26,1849
383,1005,70.515,-1,381,770,46.690,13,221,1163,128.457,-7,1180,4152,118.035,-11,1461
384,1005,69.948,5,391,770,45.274,12,258,1163,126.133,1,1259,4152,118.783,-91,1837
385,1005,71.946,3,357,770,47.218,9,255,1163,125.748,-12,815,4152,117.537,-5,1725
386,1005,70.597,-11,362,770,47.394,6,234,1163,124.922,-28,1081,4152,119.459,-29,1658
387,1005,73.931,-13,273,770,47.717,11,214,1163,126.748,-7,882,4152,117.639,-43,1690
388,1005,70.475,-3,424,770,46.866,5,176,1163,126.920,-59,875,4152,116.534,-33,1405
389,1005,70.517,-23,387,770,46.155,12,150,1163,128.733,-51,944,4152,116.013,-29,1493
390,1005,71.653,-25,264,770,48.517,6,186,1163,132.660,-50,842,4152,118.516,-44,1569
391,1005,73.191,-15,305,770,47.012,0,217,1163,129.107,-16,1135,4152,116.859,-84,1791
392,1005,69.846,-28,342,770,45.160,2,190,1163,127.255,-20,737,4152,120.283,-55,1598
393,1005,70.587,-1,349,770,46.177,14,190,1163,126.212,-16,813,4152,117.650,-34,1361
394,1005,72.369,-18,375,770,46.955,4,247,1163,122.368,-23,845,4152,120.377,-82,1714
395,1005,71.890,-15,332,770,46.784,-4,191,1163,126.465,-36,1204,4152,118.232,-61,1521
396,1005,68.548,0,304,770,46.181,9,200,1163,127.636,-17,911,4152,118.954,-23,1899
397,1005,70.676,-24,531,770,48.555,3,202,1163,123.572,-22,987,4152,116.782,-37,1822
398,1005,72.973,-11,413,770,46.431,7,199,1163,132.813,-40,913,4152,117.222,-29,1476
399,1005,68.275,-8,344,770,45.686,8,224,1163,123.552,-38,919,4152,118.742,-19,1749
400,1005,68.514,-4,404,770,47.848,2,236,1163,127.841,1,1192,4152,119.441,-28,1556
401,1005,73.315,5,364,770,46.181,6,286,1163,127.877,8,834,4152,117.305,-31,1465
402,1005,68.938,3,414,770,45.732,16,253,1163,126.256,0,1138,4152,117.628,-17,1866
403,1005,74.871,-12,406,770,48.397,13,272,1163,127.888,-9,826,4152,116.357,-76,1676
404,1005,68.412,-8,348,770,47.894,13,227,1163,125.066,-42,843,4152,116.060,-53,1343
405,1005,71.312,-7,385,770,45.800,5,214,1163,126.819,-10,837,4152,117.779,-37,1656
406,1005,68.114,-37,272,770,49.278,-8,213,1163,129.150,-20,915,4152,116.133,-40,1522
407,1005,70.829,-15,406,770,47.032,9,196,1163,127.944,-50,755,4152,115.425,-46,1817
408,1005,68.904,-24,344,770,46.775,5,185,1163,125.000,-18,1019,4152,114.750,-69,1649
409,1005,72.967,-8,406,770,47.421,-5,196,1163,132.985,-21,922,4152,117.340,-44,1628
410,1005,67.427,-15,307,770,47.006,-4,198,1163,126.774,-19,984,4152,117.341,-54,1656
411,1005,67.014,-8,350,770,47.462,-2,215,1163,126.046,-40,961,4152,116.665,-48,1631
412,1005,71.626,-14,445,770,46.125,6,190,1163,126.463,-56,944,4152,116.908,-30,1539
413,1005,70.685,-3,401,770,46.275,14,220,1163,129.561,-38,941,4152,114.549,-61,1629
414,1005,73.198,-2,456,770,48.179,9,255,1163,125.812,-37,846,4152,118.138,-27,1856
415,1005,74.764,-5,437,770,46.119,8,215,1163,127.452,-21,1042,4152,118.153,-14,1752
416,1005,71.982,1,422,770,45.212,13,237,1163,127.412,-23,891,4152,117.654,-16,1851
417,1005,69.883,9,347,770,47.529,14,275,1163,123.874,-11,796,4152,116.940,-13,1580
418,1005,78.128,-6,351,770,48.269,13,263,1163,130.473,5,782,4152,128.275,-8,2059
419,1005,70.170,7,428,770,48.023,15,302,1163,125.016,-34,938,4152,122.252,-1,1840
420,1005,73.266,0,352,770,46.888,15,227,1163,129.141,-19,963,4152,120.434,-21,1579
421,1005,68.623,7,453,770,47.162,11,200,1163,130.626,-11,1140,4152,119.057,-9,1499
422,1005,72.224,9,526,770,49.195,10,282,1163,127.627,-6,1093,4152,118.025,-26,1539
423,1005,71.450,1,327,770,45.852,11,305,1163,123.739,-8,1095,4152,117.138,-18,1635
424,1005,69.020,-1,300,770,46.060,0,273,1163,125.886,-18,870,4152,117.255,-29,1997
425,1005,71.629,0,384,770,46.204,10,203,1163,126.710,-15,912,4152,117.925,-51,1660
426,1005,72.028,-32,361,770,45.414,10,233,1163,126.513,-35,1122,4152,118.487,-25,1580
427,1005,73.134,-10,347,770,47.117,-7,226,1163,126.334,-35,858,4152,118.028,-32,1493
428,1005,71.989,-14,350,770,48.079,2,242,1163,126.700,-22,773,4152,116.831,-29,1376
429,1005,72.168,-1,360,770,46.491,2,230,1163,123.137,-24,979,4152,118.609,-67,1795
430,1005,70.608,-13,372,770,46.406,8,175,1163,125.991,-25,1022,4152,115.276,-31,1436
431,1005,68.968,-5,341,770,47.675,0,203,1163,127.424,-29,905,4152,117.922,-71,2089
432,1005,70.984,-6,346,770,47.721,7,206,1163,128.291,-20,800,4152,118.088,-74,1508
433,1005,70.578,-11,317,770,46.978,5,211,1163,123.735,-35,972,4152,118.443,-36,1624
434,1005,72.429,-13,535,770,46.573,3,209,1163,126.761,-26,943,4152,119.648,-64,1598
435,1005,116.128,-20,439,770,64.296,-7,333,1163,209.393,-7,1177,4152,140.587,-36,1702
436,1005,121.319,-24,528,770,57.000,5,348,1163,165.303,-32,803,4152,126.683,-36,1501
437,1005,105.648,-13,416,770,50.697,1,297,1163,145.531,-33,976,4152,122.914,-35,1499
438,1005,92.718,-12,409,770,50.891,6,187,1163,134.905,-31,806,4152,119.543,-36,1554
439,1005,79.772,-10,382,770,47.416,7,195,1163,131.932,-7,847,4152,121.388,-20,1791
440,1005,76.699,-4,589,770,47.812,2,225,1163,127.352,-6,869,4152,118.490,-41,1412
441,1005,76.102,-11,364,770,45.179,5,221,1163,127.834,-37,1129,4152,118.776,-55,1895
442,1005,74.333,-2,350,770,46.448,4,178,1163,130.293,-10,806,4152,115.468,-37,1416
443,1005,73.103,3,399,770,48.156,11,219,1163,130.774,-12,934,4152,116.668,-25,1630
444,1005,106.106,0,519,770,58.062,0,379,1163,214.917,-14,1135,4152,150.522,-28,1505
445,1005,105.051,-4,464,770,56.768,6,319,1163,163.803,-19,938,4152,131.517,-36,1875
446,1005,92.617,0,482,770,53.081,9,289,1163,143.069,-17,1277,4152,127.284,-14,1630
447,1005,80.027,5,473,770,49.348,10,225,1163,134.175,-7,975,4152,120.277,-7,1600
448,1005,76.572,5,761,770,47.349,14,268,1163,135.002,-19,843,4152,121.740,-22,1480
449,1005,73.184,13,463,770,47.452,15,276,1163,130.837,12,1225,4152,116.708,4,1603
450,1005,72.064,12,355,770,47.460,17,188,1163,133.307,5,1082,4152,117.967,-10,1824
451,1005,72.050,9,451,770,46.578,18,278,1163,129.698,2,969,4152,117.910,-10,2040
452,1005,72.872,14,360,770,46.681,14,259,1163,126.230,18,919,4152,117.713,13,1702
453,1005,70.995,12,370,770,47.042,16,256,1163,219.054,19,1200,4152,147.305,8,1687
454,1005,112.836,16,512,770,54.403,13,275,1163,223.607,19,1302,4152,134.882,7,1908
455,1005,96.380,13,427,770,49.540,20,287,1163,180.858,6,1238,4152,124.646,4,1588
456,1005,85.803,10,403,770,46.832,16,252,1163,162.571,10,1143,4152,122.484,2,1579
457,1005,78.141,4,438,770,47.814,9,233,1163,144.822,-15,1094,4152,119.571,-29,1541
458,1005,72.634,-10,365,770,47.936,9,234,1163,134.797,-7,1143,4152,118.275,-14,1531
459,1005,72.656,-1,431,770,47.205,17,159,1163,137.850,-23,1108,4152,118.622,-17,1621
460,1005,73.667,-7,394,770,46.492,14,195,1163,132.647,-21,1159,4152,115.636,-34,1621
461,1005,72.468,-8,364,770,47.206,8,248,1163,129.404,-21,652,4152,116.589,-49,1490
462,1005,73.254,6,377,770,48.113,6,260,1163,133.430,-37,882,4152,156.020,-31,1504
463,1005,128.349,-40,479,770,63.005,2,263,1163,288.930,-25,1364,4152,139.832,-35,1608
464,1005,96.842,-11,412,770,54.245,2,209,1163,219.928,-17,1550,4152,133.347,-37,1474
465,1005,85.979,-28,448,770,51.291,2,217,1163,180.050,-8,1149,4152,123.394,-36,1410
466,1005,76.380,-3,463,770,49.657,3,246,1163,157.128,-29,1313,4152,121.284,-64,1638
467,1005,73.361,-23,327,770,47.153,11,199,1163,140.181,-51,1246,4152,118.656,-37,1543
468,1005,76.287,-12,368,770,49.342,0,191,1163,136.221,-37,937,4152,119.000,-31,1909
469,1005,73.775,-13,342,770,47.429,10,215,1163,135.188,-49,833,4152,117.648,-27,1419
470,1005,70.437,-17,412,770,47.390,3,179,1163,133.824,-42,834,4152,117.727,-32,1362
471,1005,73.058,-15,380,770,46.487,6,202,1163,134.459,-29,962,4152,135.620,-25,1473
472,1005,142.672,-44,673,770,62.295,-1,286,1163,239.454,-46,1394,4152,145.992,-55,1392
473,1005,113.891,-14,529,770,57.326,-18,281,1163,173.774,-18,989,4152,131.958,-58,1906
474,1005,90.610,-20,422,770,52.699,-8,265,1163,155.199,-22,925,4152,125.894,-26,1649
475,1005,84.376,-43,429,770,48.130,10,211,1163,143.894,-13,802,4152,119.450,-72,1414
476,1005,77.417,-5,406,770,47.158,11,178,1163,138.137,-21,1221,4152,121.697,-20,1781
477,1005,76.099,-34,440,770,47.947,8,188,1163,127.087,-8,931,4152,118.782,-22,1734
478,1005,71.877,-13,281,770,45.665,6,219,1163,133.178,-24,946,4152,118.864,-28,1459
479,1005,71.864,1,399,770,45.409,7,205,1163,133.170,-18,1033,4152,117.785,-34,1509
480,1005,71.692,-2,390,770,48.206,0,281,1163,128.069,-2,1008,4152,117.175,-9,1841
481,1005,142.163,-4,585,770,65.647,-27,571,1163,319.952,-11,1524,4152,150.574,-17,1370
482,1005,118.746,6,611,770,57.009,6,352,1163,231.830,0,1229,4152,134.536,-15,1949
483,1005,98.672,0,483,770,53.857,9,274,1163,183.372,0,1270,4152,128.540,-6,2031
484,1005,87.369,2,456,770,49.855,13,246,1163,156.634,3,1117,4152,123.273,-6,1705
485,1005,81.163,0,371,770,49.000,8,278,1163,141.546,-3,923,4152,120.722,-25,1707
486,1005,78.472,6,414,770,49.260,12,280,1163,140.466,3,1033,4152,119.711,-19,1284
487,1005,74.082,7,371,770,48.455,12,179,1163,136.103,-5,1190,4152,117.688,0,1643
488,1005,75.120,1,425,770,46.519,15,232,1163,136.530,4,1284,4152,116.700,-5,1478
489,1005,69.897,5,385,770,48.027,15,416,1163,131.693,-2,992,4152,117.643,-5,1396
490,1005,115.829,-8,509,770,57.905,7,314,1163,294.151,-18,1491,4152,168.823,-54,1791
491,1005,107.689,-36,596,770,60.518,4,282,1163,231.221,-12,1174,4152,146.893,-32,1270
492,1005,88.001,-20,445,770,54.394,6,196,1163,180.971,-31,1246,4152,130.512,-36,1447
493,1005,81.236,-22,317,770,52.639,-3,237,1163,152.003,-36,899,4152,126.931,-42,1423
494,1005,77.017,-18,340,770,48.356,5,178,1163,148.201,-52,1008,4152,122.847,-37,1219
495,1005,75.347,-25,292,770,49.973,-25,321,1163,134.550,-28,763,4152,120.013,-80,1426
496,1005,73.102,-12,463,770,48.645,-6,281,1163,141.810,-4,1028,4152,120.940,-42,1472
497,1005,73.857,0,320,770,48.362,-1,202,1163,132.533,-24,1021,4152,119.787,-67,1637
498,1005,68.061,0,375,770,45.813,11,175,1163,129.984,-10,1266,4152,117.508,-33,1518
499,1005,71.907,5,362,770,46.587,13,200,1163,203.347,-7,1366,4152,168.210,-17,1820
500,1005,117.832,-21,630,770,61.195,9,310,1163,255.814,-19,1336,4152,158.000,-11,1930
501,1005,113.135,-3,828,770,56.729,3,308,1163,197.144,-7,1294,4152,138.600,-10,1683
502,1005,97.536,0,549,770,54.029,13,284,1163,169.544,-5,1132,4152,128.889,-8,1568
503,1005,85.248,1,408,770,47.718,18,206,1163,147.767,1,1290,4152,125.177,-8,1603
504,1005,80.216,8,651,770,49.199,14,362,1163,141.903,-9,1198,4152,122.264,2,1640
505,1005,76.444,4,513,770,47.422,17,208,1163,135.905,0,1161,4152,131.626,-6,1714
506,1005,72.048,4,478,770,47.448,18,281,1163,137.650,2,830,4152,122.551,-32,1605
507,1005,75.005,-2,391,770,49.009,8,229,1163,130.534,-5,996,4152,119.178,-23,1586
508,1005,72.061,-8,352,770,46.806,10,206,1163,131.625,-65,869,4152,164.602,-38,1532
509,1005,127.327,-15,665,770,63.942,-7,279,1163,220.980,-43,1324,4152,155.819,-41,1441
510,1005,119.099,-12,446,770,55.369,0,265,1163,168.207,-20,1088,4152,135.244,-62,1691
511,1005,97.011,-19,383,770,49.678,5,261,1163,153.085,-36,877,4152,130.842,-76,1484
512,1005,85.137,-10,575,770,50.475,11,223,1163,141.037,-12,1094,4152,124.519,-8,1712
513,1005,77.535,-15,458,770,47.596,1,259,1163,143.455,-2,1224,4152,120.019,-53,1842
514,1005,75.094,-17,345,770,48.099,0,281,1163,136.061,-24,731,4152,120.177,-31,1539
515,1005,74.135,-8,387,770,49.232,-11,291,1163,135.573,-32,921,4152,120.967,-59,1687
516,1005,74.412,-24,309,770,48.173,4,225,1163,130.667,-23,1033,4152,119.887,-38,1355
517,1005,71.073,-10,489,770,49.023,5,208,1163,132.109,-19,763,4152,134.600,-38,1687
518,1005,128.827,-25,584,770,62.897,-10,313,1163,285.234,-19,1368,4152,147.429,-28,1930
519,1005,108.454,-25,392,770,60.151,-37,287,1163,195.350,-28,976,4152,133.872,-58,1471
520,1005,96.326,-4,466,770,51.378,0,340,1163,168.775,-12,1267,4152,135.888,-32,1611
521,1005,86.163,-28,464,770,50.001,2,273,1163,152.337,-12,1074,4152,128.671,-20,1759
522,1005,78.465,-2,478,770,48.103,14,202,1163,140.443,-37,1032,4152,123.745,-29,1511
523,1005,73.270,-9,412,770,47.727,12,203,1163,139.412,0,965,4152,120.439,-19,1456
524,1005,71.995,0,291,770,47.564,15,199,1163,136.371,-29,1038,4152,120.226,-24,1446
525,1005,72.016,-8,459,770,47.675,12,199,1163,133.259,-8,1265,4152,118.176,-4,1735
526,1005,70.001,-6,377,770,47.279,18,210,1163,133.828,-22,967,4152,128.433,-41,1431
527,1005,127.462,-16,530,770,66.429,-3,317,1163,283.893,-21,1335,4152,181.090,-14,1698
528,1005,107.443,0,482,770,61.375,1,262,1163,200.881,-15,1040,4152,154.850,-49,1653
529,1005,92.434,-15,387,770,54.040,6,260,1163,164.676,-26,977,4152,147.008,-30,1629
530,1005,80.943,-19,404,770,50.681,7,231,1163,150.172,-25,982,4152,136.396,-36,1531
531,1005,78.676,-23,368,770,47.748,1,194,1163,139.145,-24,781,4152,130.419,-34,1750
532,1005,75.906,-19,377,770,50.616,1,206,1163,139.108,-29,756,4152,136.559,-67,1889
533,1005,75.406,-19,337,770,48.635,-10,183,1163,135.928,-64,1018,4152,127.273,-40,1576
534,1005,72.716,-18,326,770,46.214,12,234,1163,135.150,-37,930,4152,124.057,-46,1451
535,1005,74.800,-26,470,770,47.095,8,200,1163,135.476,-28,954,4152,120.352,-42,1468
536,1005,109.637,-19,531,770,57.938,0,434,1163,263.798,-99,1309,4152,175.270,-42,1463
537,1005,115.298,-16,520,770,56.981,-1,279,1163,193.461,-24,1217,4152,153.219,-44,1513
538,1005,100.142,-25,398,770,51.939,-8,292,1163,161.944,-15,984,4152,136.171,-38,1752
539,1005,88.808,-23,411,770,52.034,-3,253,1163,147.421,-34,768,4152,131.290,-35,1846
540,1005,81.917,-22,374,770,49.873,8,197,1163,141.606,-63,816,4152,122.491,-55,1278
541,1005,75.478,-13,294,770,48.635,6,179,1163,142.273,-21,757,4152,125.101,-28,1617
542,1005,77.064,-37,287,770,45.400,-7,171,1163,140.526,-41,1023,4152,119.508,-44,1424
543,1005,75.281,-20,318,770,46.964,0,148,1163,139.594,-46,831,4152,121.343,-48,1362
544,1005,71.387,-12,309,770,49.145,-2,148,1163,134.963,-24,789,4152,118.871,-50,1302
545,1005,73.109,-17,315,770,47.303,0,166,1163,200.286,-34,1087,4152,171.428,-62,1473
546,1005,116.863,-22,421,770,59.787,-8,266,1163,224.920,-41,1198,4152,161.944,-36,1908
547,1005,104.515,-32,408,770,55.938,1,226,1163,185.816,-36,865,4152,144.746,-59,1447
548,1005,86.992,-35,412,770,52.905,0,157,1163,161.849,-13,895,4152,132.394,-35,1819
549,1005,78.001,-18,264,770,47.935,7,153,1163,147.659,-39,906,4152,126.993,-37,1501
550,1005,74.104,-15,308,770,48.421,0,168,1163,142.948,-51,704,4152,124.843,-36,1118
551,1005,75.051,-13,339,770,47.727,10,201,1163,138.065,-38,838,4152,120.702,-32,1820
552,1005,75.505,-32,365,770,47.768,9,279,1163,140.159,-26,737,4152,119.678,-47,2176
553,1005,72.014,-9,445,770,47.082,-3,267,1163,128.097,-15,1126,4152,119.795,-56,1215
554,1005,72.392,4,374,770,47.034,16,248,1163,131.375,-21,1180,4152,160.545,-23,1671
555,1005,119.747,8,610,770,58.777,8,288,1163,274.751,0,1358,4152,159.234,-5,1567
556,1005,104.483,7,532,770,53.987,17,257,1163,201.913,-5,1358,4152,140.958,-3,1547
557,1005,87.687,-3,429,770,49.256,15,262,1163,168.861,-4,1041,4152,131.187,-25,1861
558,1005,81.148,-9,364,770,48.327,2,201,1163,151.359,-25,884,4152,123.638,-34,1737
559,1005,75.451,-13,386,770,47.347,7,168,1163,140.086,-31,963,4152,122.961,-46,1501
560,1005,71.855,-18,391,770,48.991,-3,208,1163,138.566,-26,940,4152,121.297,-20,1340
561,1005,74.672,-31,371,770,46.606,11,175,1163,135.069,-19,776,4152,118.618,-35,1425
562,1005,71.238,-24,331,770,48.938,-5,260,1163,134.929,-13,837,4152,118.743,-33,1857
563,1005,74.893,-19,369,770,47.131,5,167,1163,133.491,-21,873,4152,137.031,-52,1703
564,1005,121.973,-28,447,770,67.997,-5,270,1163,238.739,-46,1304,4152,161.903,-40,1762
565,1005,101.204,-26,467,770,60.113,0,285,1163,175.722,-53,937,4152,143.546,-56,1710
566,1005,89.624,-14,379,770,52.942,-2,202,1163,160.382,-33,1003,4152,132.182,-33,1682
567,1005,78.841,-24,436,770,50.236,9,208,1163,141.733,-25,1187,4152,127.447,-46,1707
568,1005,78.399,-34,367,770,50.412,-8,203,1163,141.544,-15,997,4152,123.270,-31,1611
569,1005,73.543,-22,341,770,48.643,3,232,1163,141.889,-8,968,4152,120.643,-21,1362
570,1005,72.979,-13,382,770,46.629,3,238,1163,134.477,-35,972,4152,120.121,-29,2145
571,1005,73.223,-5,351,770,49.496,2,223,1163,128.982,-15,786,4152,118.309,-60,1592
572,1005,72.160,-9,393,770,46.748,1,202,1163,129.262,-46,846,4152,118.169,-22,1398
573,1005,71.588,-16,344,770,47.449,8,231,1163,132.834,-22,966,4152,118.190,-43,1387
574,1005,70.232,-6,303,770,47.969,8,204,1163,134.672,-44,885,4152,117.969,-31,1492
575,1005,68.795,-10,307,770,46.609,0,203,1163,132.647,-15,920,4152,118.035,-40,1572
576,1005,70.949,-4,398,770,47.448,0,174,1163,128.521,-30,873,4152,116.010,-89,1723
577,1005,68.923,-7,347,770,46.162,9,190,1163,131.842,-37,1529,4152,120.289,-31,1391
578,1005,73.560,-17,323,770,48.518,-2,185,1163,133.655,-43,830,4152,116.513,-43,1255
579,1005,69.841,-18,450,770,47.614,2,169,1163,129.923,-49,944,4152,117.530,-30,1683
580,1005,70.430,-12,311,770,48.371,6,196,1163,128.502,-22,978,4152,117.499,-65,1805
581,1005,70.881,-10,313,770,46.255,13,195,1163,128.195,-58,824,4152,116.813,-47,1585
582,1005,70.543,-22,375,770,46.514,-6,154,1163,133.202,-23,900,4152,113.890,-62,1630
583,1005,69.672,-12,298,770,45.748,0,169,1163,129.050,-51,985,4152,116.064,-75,1636
584,1005,72.351,-18,329,770,45.397,1,176,1163,131.028,-27,803,4152,116.763,-37,1534
585,1005,69.635,-5,331,770,46.557,7,209,1163,128.598,-32,841,4152,115.913,-34,1538
586,1005,69.718,-26,308,770,46.970,4,250,1163,132.878,-29,1006,4152,115.671,-40,1857
587,1005,69.780,-9,407,770,46.627,12,201,1163,135.901,-9,754,4152,114.690,-28,1640
588,1005,72.382,-5,287,770,47.300,1,206,1163,128.990,-20,822,4152,115.327,-82,1671
589,1005,70.176,-15,363,770,46.479,11,152,1163,131.967,-24,864,4152,117.247,-56,1564
590,1005,70.105,-2,332,770,47.040,3,192,1163,130.501,-10,954,4152,116.665,-32,1809
591,1005,70.689,-21,267,770,45.800,4,183,1163,127.734,-24,831,4152,115.775,-47,1492
592,1005,69.045,-12,281,770,46.897,1,180,1163,135.831,-41,703,4152,116.667,-33,1846
593,1005,69.320,-9,295,770,45.930,0,188,1163,130.706,-50,850,4152,115.296,-44,1505
594,1005,71.461,-13,331,770,44.505,7,165,1163,130.709,-26,847,4152,116.528,-26,1539
595,1005,72.947,-20,324,770,48.166,2,206,1163,131.895,-83,837,4152,114.987,-36,1452
596,1005,70.736,-21,338,770,47.396,-2,224,1163,129.766,-20,1134,4152,115.238,-36,1658
597,1005,71.472,-17,352,770,46.318,11,147,1163,132.932,-64,948,4152,114.741,-42,1512
598,1005,70.231,-25,294,770,47.062,11,155,1163,127.964,-65,934,4152,114.579,-26,1170
599,1005,70.846,-44,271,770,46.961,-1,180,1163,130.207,-35,751,4152,112.835,-51,1465
600,1005,69.492,-5,335,770,46.555,9,152,1163,129.119,-36,739,4152,115.066,-37,1456
601,1005,68.723,-19,305,770,48.014,3,181,1163,126.227,-28,913,4152,118.281,-40,1408
602,1005,70.015,-2,260,770,46.649,4,189,1163,129.451,-17,997,4152,116.318,-47,1434
603,1005,68.385,-7,311,770,47.635,8,198,1163,127.752,-28,691,4152,117.245,-41,1500
604,1005,66.877,-28,388,770,46.705,9,135,1163,125.785,-30,646,4152,114.967,-49,1594
605,1005,69.253,-11,248,770,47.603,3,171,1163,130.176,-13,736,4152,111.862,-39,1263
606,1005,70.386,-6,326,770,47.131,3,205,1163,133.803,-33,719,4152,114.795,-27,1684
607,1005,69.197,-21,280,770,47.158,0,173,1163,130.837,-25,647,4152,116.506,-55,1730
608,1005,70.398,-13,256,770,47.009,9,160,1163,133.799,-60,800,4152,117.306,-35,1309
609,1005,68.828,-25,319,770,45.149,-1,163,1163,129.692,-21,821,4152,114.125,-50,1609
610,1005,70.685,2,293,770,45.595,-3,282,1163,128.661,-16,855,4152,112.696,-44,1290
611,1005,68.030,-4,327,770,45.886,6,178,1163,130.919,-30,884,4152,115.066,-48,1379
612,1005,72.328,-20,417,770,46.992,12,279,1163,134.591,-25,844,4152,117.859,-33,1449
613,1005,69.999,-8,347,770,47.916,9,235,1163,133.626,-41,794,4152,116.150,-23,1618
614,1005,71.190,-7,326,770,46.430,7,227,1163,129.807,-12,932,4152,117.448,-51,1967
615,1005,72.950,-9,397,770,46.264,0,279,1163,132.516,-11,1139,4152,117.139,-46,1482
616,1005,72.981,-18,454,770,45.656,10,195,1163,133.122,-76,783,4152,114.933,-95,1600
617,1005,67.722,-4,320,770,46.761,6,184,1163,130.829,-22,991,4152,115.069,-43,1734
618,1005,72.048,-16,325,770,44.927,10,225,1163,133.489,-4,1095,4152,117.657,-56,1626
619,1005,66.504,-5,353,770,45.834,6,204,1163,131.333,-20,684,4152,111.583,-29,1398
620,1005,70.453,-47,422,770,45.270,10,210,1163,129.248,-46,907,4152,113.621,-67,1260
621,1005,71.063,-12,325,770,46.134,1,248,1163,133.093,-44,779,4152,115.817,-34,1429
622,1005,72.806,-1,280,770,48.055,10,187,1163,134.586,-27,863,4152,113.664,-34,1493
623,1005,71.942,-9,288,770,47.532,3,184,1163,131.462,-44,914,4152,114.659,-53,1691
624,1005,70.203,-12,251,770,46.442,8,152,1163,128.261,-3,814,4152,115.048,-48,1529